{
  "forecast_year": 2024,
  "virus_slug": "seoul_kr",
  "predicted_total": 359.4109822975946,
  "top_geos": {
    "KR": 359.4109822975946
  }
}