{
  "forecast_year": 2024,
  "virus_slug": "puuv_de",
  "predicted_total": 450.29137482065636,
  "top_geos": {
    "DE": 450.29137482065636
  }
}