{
  "forecast_year": 2024,
  "virus_slug": "puuv_fi",
  "predicted_total": 1505.6402254791853,
  "top_geos": {
    "FI": 1505.6402254791853
  }
}