{
  "forecast_year": 2024,
  "virus_slug": "dobrava_balk",
  "predicted_total": 49.94921124668201,
  "top_geos": {
    "RS_serbia": 49.94921124668201
  }
}