{
  "forecast_year": 2024,
  "virus_slug": "sin_nombre_us",
  "predicted_total": 10.953803394314694,
  "top_geos": {
    "CO": 3.1840338433929105,
    "NM": 1.2320837359940846,
    "AZ": 1.1148519158422519,
    "CA": 1.0733232459908508,
    "MT": 0.6769502771927923
  }
}