{
  "forecast_year": 2024,
  "virus_slug": "andes_ar",
  "predicted_total": 17.077922804594962,
  "top_geos": {
    "AR_patagonia": 17.077922804594962
  }
}