{
  "forecast_year": 2024,
  "virus_slug": "puuv_se",
  "predicted_total": 409.03898017511773,
  "top_geos": {
    "SE": 409.03898017511773
  }
}